#
#Canonical core values for  site.group
#This maps the gsac value to a description
#
adak_1999=Adak 1999
adirondacks_1995=Adirondacks 1995
adirondacks_2000=Adirondacks 2000
aegean_1988=Aegean 1988
aegean_1989=Aegean 1989
aegean_1992=Aegean 1992
aegean_1994=Aegean 1994
aegean_1996=Aegean 1996
aegean_1998=Aegean 1998
aeic_2003=AEIC 2003
aeic_barrow_barrowseaice_iarc_2001_aeic=AEIC/Barrow/BarrowSeaIce/IARC 2001-AEIC
aeic_barrow_barrowseaice_iarc_2001_barrow=AEIC/Barrow/BarrowSeaIce/IARC 2001-Barrow
aeic_barrow_barrowseaice_iarc_2001_iarc=AEIC/Barrow/BarrowSeaIce/IARC 2001-IARC
aeic_barrow_iarc_council_2002_aeic=AEIC/Barrow/IARC/Council 2002-AEIC
aeic_barrow_iarc_council_2002_barrow=AEIC/Barrow/IARC/Council 2002-Barrow
aeic_barrow_iarc_council_2002_council=AEIC/Barrow/IARC/Council 2002-Council
aeic_barrow_iarc_council_2002_iarc=AEIC/Barrow/IARC/Council 2002-IARC
aeic_barrowicesat_bering_barrow_antenna_swap_2004_aeic=AEIC/BarrowIceSAT/Bering/Barrow Antenna Swap 2004-AEIC
aeic_barrowicesat_bering_barrow_antenna_swap_2004_barrowicesat=AEIC/BarrowIceSAT/Bering/Barrow Antenna Swap 2004-BarrowIceSAT
aeic_barrowicesat_bering_barrow_antenna_swap_2004_bering=AEIC/BarrowIceSAT/Bering/Barrow Antenna Swap 2004-Bering
afar=Afar
afar_2007_march=Afar 2007-March
afar_2007_october=Afar 2007-October
afar_2008=Afar 2008
afar_2009_february=Afar 2009-February
afar_2009_october=Afar 2009-October
akutan=Akutan
akutan_1996=Akutan 1996
akutan_1997=Akutan 1997
akutan_2001=Akutan 2001
akutan_2002=Akutan 2002
akutan_dutch_harbor_2003_akutan=Akutan/Dutch Harbor 2003-Akutan
akutan_dutch_harbor_2003_dutch_harbor=Akutan/Dutch Harbor 2003-Dutch Harbor
akutan_dutch_harbor_2004_akutan=Akutan/Dutch Harbor 2004-Akutan
akutan_dutch_harbor_2004_dutch_harbor=Akutan/Dutch Harbor 2004-Dutch Harbor
alaska=Alaska
alaska_gsfc_1993=Alaska GSFC 1993
alaska_gsfc_1995=Alaska GSFC 1995
alaska_ldeo_1995=Alaska LDEO 1995
alaska_ldgo_1993=Alaska LDGO 1993
alaska_peninsula_1996=Alaska Peninsula 1996
alaska_peninsula_1997=Alaska Peninsula 1997
alaska_uplift_1998=Alaska Uplift 1998
alaska_uplift_1999=Alaska Uplift 1999
alaska_uplift_2000=Alaska Uplift 2000
alaska_uplift_2001=Alaska Uplift 2001
alaska_uplift_2002=Alaska Uplift 2002
alaska_uplift_2003=Alaska Uplift 2003
alaska_uplift_2004=Alaska Uplift 2004
alaska_uplift_2005=Alaska Uplift 2005
alaska_uplift_2007=Alaska Uplift 2007
alaska_usgs_1993=Alaska USGS 1993
alaska_usgs_1995=Alaska USGS 1995
alaska_volcano_observatory=Alaska Volcano Observatory
alaska_scat_1997=Alaska-SCAT 1997
alaska_scat_1998=Alaska-SCAT 1998
alaska_scat_1999=Alaska-SCAT 1999
albania_2002=Albania 2002
aleutian_arc_displacement_1998=Aleutian Arc Displacement 1998
aleutian_arc_displacement_1999=Aleutian Arc Displacement 1999
amchitka_2001=Amchitka 2001
amchitka_2004=Amchitka 2004
american_samoa_2002=American Samoa 2002
american_samoa_2004=American Samoa 2004
andaman_islands=Andaman Islands
andaman_islands_2005=Andaman Islands 2005
andaman_islands_2006=Andaman Islands 2006
andaman_islands_2007=Andaman Islands 2007
andes=Andes
aniakchak_1999=Aniakchak 1999
antarctica_erebus=Antarctica Erebus
antarctica_infrastructure=Antarctica Infrastructure
antarctica_l1=Antarctica L1
antarctica_pi_continuous=Antarctica PI Continuous
antarctica_polenet=Antarctica POLENET
antarctica_support_1994_1995_s_042m=Antarctica Support 1994/1995-S-042M
antarctica_support_1995_1996_s_042f=Antarctica Support 1995/1996-S-042F
antarctica_support_1995_1996_s_042w=Antarctica Support 1995/1996-S-042W
antarctica_support_1995_1996_s_081=Antarctica Support 1995/1996-S-081
antarctica_support_1995_1996_s_181=Antarctica Support 1995/1996-S-181
antarctica_support_1995_1996_s_185=Antarctica Support 1995/1996-S-185
antarctica_support_1995_1996_t_390=Antarctica Support 1995/1996-T-390
antarctica_support_1996_1997_s_042f=Antarctica Support 1996/1997-S-042F
antarctica_support_1996_1997_s_058=Antarctica Support 1996/1997-S-058
antarctica_support_1996_1997_s_081=Antarctica Support 1996/1997-S-081
antarctica_support_1996_1997_tamdef=Antarctica Support 1996/1997-TAMDEF
antarctica_support_1997_1998_s_042w=Antarctica Support 1997/1998-S-042W
antarctica_support_1997_1998_s_081=Antarctica Support 1997/1998-S-081
antarctica_support_1997_1998_s_156=Antarctica Support 1997/1998-S-156
antarctica_support_1997_1998_tamdef=Antarctica Support 1997/1998-TAMDEF
antarctica_support_1998_1999_b_044=Antarctica Support 1998/1999-B-044
antarctica_support_1998_1999_g_053=Antarctica Support 1998/1999-G-053
antarctica_support_1998_1999_i_156=Antarctica Support 1998/1999-I-156
antarctica_support_1998_1999_tamdef=Antarctica Support 1998/1999-TAMDEF
antarctica_support_1999_2000_g_053_beacon_valley=Antarctica Support 1999/2000-G-053 Beacon Valley
antarctica_support_1999_2000_g_063_dry_valleys=Antarctica Support 1999/2000-G-063 Dry Valleys
antarctica_support_1999_2000_g_081_mount_erebus=Antarctica Support 1999/2000-G-081 Mount Erebus
antarctica_support_1999_2000_i_151_mt_moulton=Antarctica Support 1999/2000-I-151 Mt. Moulton
antarctica_support_2000_2001_g_053_beacon_valley=Antarctica Support 2000/2001-G-053 Beacon Valley
antarctica_support_2000_2001_g_081_mt_erebus=Antarctica Support 2000/2001-G-081 Mt. Erebus
antarctica_support_2000_2001_i_196_cape_ross=Antarctica Support 2000/2001-I-196 Cape Ross
antarctica_support_2001_2002_g_053_beacon_valley=Antarctica Support 2001/2002-G-053 Beacon Valley
antarctica_support_2001_2002_g_081_mt_erebus=Antarctica Support 2001/2002-G-081 Mt. Erebus
antarctica_support_2002_2003_bm_042f_taylor_valley=Antarctica Support 2002/2003-BM-042F Taylor Valley
antarctica_support_2002_2003_capehallett=Antarctica Support 2002/2003-CapeHallett
antarctica_support_2002_2003_g_053_beacon_valley=Antarctica Support 2002/2003-G-053 Beacon Valley
antarctica_support_2002_2003_g_081_mt_erebus=Antarctica Support 2002/2003-G-081 Mt. Erebus
antarctica_support_2003_2004_b_011_dry_valleys_ponds=Antarctica Support 2003/2004-B-011 Dry Valleys Ponds
antarctica_support_2003_2004_g_081_erebus=Antarctica Support 2003/2004-G-081 Erebus
antarctica_support_2004_2005_b_425_commonwealth_glacier=Antarctica Support 2004/2005-B-425 Commonwealth Glacier
antarctica_support_2004_2005_g_054_stocking_flows=Antarctica Support 2004/2005-G-054 Stocking Flows
antarctica_support_2004_2005_g_081_mt_erebus=Antarctica Support 2004/2005-G-081 Mt. Erebus
antarctica_support_2004_2005_i_191_dry_valleys_holocene_climate=Antarctica Support 2004/2005-I-191 Dry Valleys Holocene Climate
antarctica_support_2005_2006_b_211_lake_vida=Antarctica Support 2005/2006-B-211 Lake Vida
antarctica_support_2005_2006_b_300_pony_lake=Antarctica Support 2005/2006-B-300 Pony Lake
antarctica_support_2005_2006_b_421_dry_valleys_streams=Antarctica Support 2005/2006-B-421 Dry Valleys Streams
antarctica_support_2005_2006_b_426_taylor_valley_lake_ice=Antarctica Support 2005/2006-B-426 Taylor Valley Lake Ice
antarctica_support_2005_2006_g_081_mount_erebus_volcano_observatory=Antarctica Support 2005/2006-G-081 Mount Erebus Volcano Observatory
antarctica_support_2005_2006_i_139_taylor_glacier=Antarctica Support 2005/2006-I-139 Taylor Glacier
antarctica_support_2005_2006_i_191_dry_valleys_ice_coring=Antarctica Support 2005/2006-I-191 Dry Valleys Ice Coring
antarctica_support_2006_2007_b_068_elephant_seal_paleo_colonies=Antarctica Support 2006/2007-B-068 Elephant Seal Paleo-Colonies
antarctica_support_2006_2007_b_195_blood_falls=Antarctica Support 2006/2007-B-195 Blood Falls
antarctica_support_2006_2007_b_423_lter_soil=Antarctica Support 2006/2007-B-423 LTER Soil
antarctica_support_2006_2007_b_426_lter_lakes=Antarctica Support 2006/2007-B-426 LTER Lakes
antarctica_support_2006_2007_g_054_buried_ice=Antarctica Support 2006/2007-G-054 Buried Ice
antarctica_support_2006_2007_g_081_mount_erebus_volcano_observatory=Antarctica Support 2006/2007-G-081 Mount Erebus Volcano Observatory
antarctica_support_2006_2007_g_091_andrill=Antarctica Support 2006/2007-G-091 ANDRILL
antarctica_support_2006_2007_i_133_taylor_valley=Antarctica Support 2006/2007-I-133 Taylor Valley
antarctica_support_2006_2007_i_139_blood_falls=Antarctica Support 2006/2007-I-139 Blood Falls
antarctica_support_2007_2008_g_081_mount_erebus_observatory=Antarctica Support 2007/2008-G-081 Mount Erebus Observatory
antarctica_support_2008_2009_g_081_mt_erebus=Antarctica Support 2008/2009-G-081 Mt Erebus
aquifer_deformation_2003=Aquifer Deformation 2003
arapahoe_glacier_2001=Arapahoe Glacier 2001
arenal=Arenal
arenal_volcano_1997=Arenal Volcano 1997
arenal_volcano_1998=Arenal Volcano 1998
arenal_volcano_1999=Arenal Volcano 1999
arenal_volcano_2001=Arenal Volcano 2001
arenal_volcano_2003=Arenal Volcano 2003
argentina_2010=Argentina 2010
atka_2004=Atka 2004
attu_1996=Attu 1996
augustine_2000=Augustine 2000
augustine_2006=Augustine 2006
avoca_1994=AVOCA 1994
baja_1994_1995=Baja 1994/1995
baja_1995_10_oct_=Baja 1995 10 (Oct)
baja_california_1993=Baja California 1993
baja_california_1996=Baja California 1996
baja_california_1998=Baja California 1998
baja_north_1998=Baja North 1998
baja_north_2001=Baja North 2001
baja_south_1998=Baja South 1998
baja_south_2001=Baja South 2001
bangladesh=Bangladesh
bard=BARD
bargen=BARGEN
barrow=Barrow
basin_and_range_1992=Basin and Range 1992
basin_and_range_2002=Basin and Range 2002
basin_and_range_bargen=Basin and Range BARGEN
beacon_valley=Beacon Valley
bering_2005=Bering 2005
bering_2006=Bering 2006
bering_2007=Bering 2007
bering_2009=Bering 2009
bering_chukotka_2007=Bering-Chukotka 2007
bering_siberia_2004=Bering-Siberia 2004
bering_siberia_2005=Bering-Siberia 2005
bhutan=Bhutan
bhutan_2003=Bhutan 2003
brewster_tie_2001=Brewster Tie 2001
bulgaria_1997=Bulgaria 1997
bulgaria_2000=Bulgaria 2000
bulgaria_2001=Bulgaria 2001
calabria=Calabria
calaveras_1996=Calaveras 1996
calaveras_1997=Calaveras 1997
calaveras_2007=Calaveras 2007
calipso=CALIPSO
canape_1994=CANAPE 1994
cap_1993_central_andes_proj_=CAP 1993-Central Andes Proj.
cap_1994_central_andes_proj_antarctica=CAP 1994-Central Andes Proj.-Antarctica
cap_1994_central_andes_proj_chile=CAP 1994-Central Andes Proj.-Chile
cap_1996_central_andes_proj_=CAP 1996-Central Andes Proj.
cap_1997_central_andes_proj_=CAP 1997-Central Andes Proj.
cap_1998_central_andes_proj_=CAP 1998-Central Andes Proj.
cap_1999_central_andes_proj_=CAP 1999-Central Andes Proj.
cap_andes=CAP Andes
cape_castricum=Cape Castricum
capgia_west_antarctica=CAPGIA-West Antarctica
caribbean_1990_noche=Caribbean 1990-NOCHE
caribbean_1999=Caribbean 1999
caribbean_hurricane_prediction_and_geodetic_network=Caribbean Hurricane Prediction and Geodetic Network
cariven_1994=CARIVEN 1994
carman:_gps_ionospheric_study_sgmt_1995=Carman: GPS Ionospheric Study Sgmt. 1995
carrizo_2003=Carrizo 2003
casa_1991_colombia_panama=CASA 1991-Colombia/Panama
casa_1991_ecuador=CASA 1991-Ecuador
casa_1994_colombia=CASA 1994-Colombia
casa_1994_costa_rica=CASA 1994-Costa Rica
casa_1994_ecuador=CASA 1994-Ecuador
casa_1994_panama=CASA 1994-Panama
casa_1996=CASA 1996
casa_1999=CASA 1999
cascades_volcano_observatory_mt_st_helens=Cascades Volcano Observatory Mt St. Helens
cascadia_2001=Cascadia 2001
cascadia_2002=Cascadia 2002
cascadia_ets_earthscope_2005=Cascadia ETS EarthScope 2005
caucasus_1991=Caucasus 1991
caucasus_1997=Caucasus 1997
central_america_2003_2004=Central America 2003/2004
central_america_2004_2005_2004=Central America 2004/2005-2004
central_america_2004_2005_2005=Central America 2004/2005-2005
central_america_2006_el_salvador=Central America 2006-El Salvador
central_america_2006_honduras=Central America 2006-Honduras
central_america_2007_el_salvador=Central America 2007-El Salvador
central_america_2007_honduras=Central America 2007-Honduras
central_america_2008_el_salvador=Central America 2008-El Salvador
central_asia=Central Asia
central_asia_1992=Central Asia 1992
central_asia_1993=Central Asia 1993
central_asia_1994=Central Asia 1994
central_asia_1995_ivt95=Central Asia 1995-ivt95
central_asia_1995_kaz95a=Central Asia 1995-kaz95a
central_asia_1995_kaz95b=Central Asia 1995-kaz95b
central_asia_1996_ivt96=Central Asia 1996-ivt96
central_asia_1996_kaz96=Central Asia 1996-kaz96
central_asia_1997_kaz_pol97=Central Asia 1997-Kaz-Pol97
central_asia_1997_kaz97a=Central Asia 1997-kaz97a
central_asia_1997_kaz97b=Central Asia 1997-kaz97b
central_asia_1997_kaz97c=Central Asia 1997-kaz97c
central_asia_1997_kaz97d=Central Asia 1997-kaz97d
central_asia_1997_loc97a=Central Asia 1997-loc97a
central_asia_1997_loc97b=Central Asia 1997-loc97b
central_asia_1997_loc97c=Central Asia 1997-loc97c
central_asia_1997_loc97d=Central Asia 1997-loc97d
central_asia_1997_loc97e=Central Asia 1997-loc97e
central_asia_1997_loc97f=Central Asia 1997-loc97f
central_asia_1998_kaz98a=Central Asia 1998-kaz98a
central_asia_1998_kaz98b=Central Asia 1998-kaz98b
central_asia_1998_loc98a=Central Asia 1998-loc98a
central_asia_1998_loc98b=Central Asia 1998-loc98b
central_asia_1998_loc98c=Central Asia 1998-loc98c
central_asia_1998_loc98d=Central Asia 1998-loc98d
central_asia_1998_loc98e=Central Asia 1998-loc98e
central_asia_1998_loc98f=Central Asia 1998-loc98f
central_asia_1998_loc98g=Central Asia 1998-loc98g
central_asia_1998_loc98h=Central Asia 1998-loc98h
central_asia_1998_loc98i=Central Asia 1998-loc98i
central_asia_1998_loc98j=Central Asia 1998-loc98j
central_asia_1998_loc98k=Central Asia 1998-loc98k
central_asia_1998_loc98l=Central Asia 1998-loc98l
central_asia_1998_loc98m=Central Asia 1998-loc98m
central_asia_1998_loc98n=Central Asia 1998-loc98n
central_asia_1998_loc98o=Central Asia 1998-loc98o
central_asia_1998_loc98p=Central Asia 1998-loc98p
central_asia_1999_kaz99a=Central Asia 1999-kaz99a
central_asia_1999_kaz99b=Central Asia 1999-kaz99b
central_asia_1999_kaz99c=Central Asia 1999-kaz99c
central_asia_1999_loc99a=Central Asia 1999-loc99a
central_asia_1999_loc99b=Central Asia 1999-loc99b
central_asia_1999_loc99c=Central Asia 1999-loc99c
central_asia_1999_loc99d=Central Asia 1999-loc99d
central_asia_1999_loc99e=Central Asia 1999-loc99e
central_asia_1999_loc99f=Central Asia 1999-loc99f
central_asia_1999_loc99g=Central Asia 1999-loc99g
central_asia_1999_loc99h=Central Asia 1999-loc99h
central_asia_1999_loc99i=Central Asia 1999-loc99i
central_asia_1999_loc99j=Central Asia 1999-loc99j
central_asia_1999_loc99k=Central Asia 1999-loc99k
central_asia_2000_kaz00a=Central Asia 2000-kaz00a
central_asia_2000_kaz00b=Central Asia 2000-kaz00b
central_asia_2000_kaz00c=Central Asia 2000-kaz00c
central_asia_2000_loc00a=Central Asia 2000-loc00a
central_asia_2000_loc00b=Central Asia 2000-loc00b
central_asia_2000_loc00c=Central Asia 2000-loc00c
central_asia_2000_loc00d=Central Asia 2000-loc00d
central_asia_2000_loc00e=Central Asia 2000-loc00e
central_asia_2000_loc00f=Central Asia 2000-loc00f
central_asia_2000_loc00g=Central Asia 2000-loc00g
central_asia_2000_loc00h=Central Asia 2000-loc00h
central_asia_2001_kaz01a=Central Asia 2001-kaz01a
central_asia_2001_kaz01b=Central Asia 2001-kaz01b
central_asia_2001_kaz01c=Central Asia 2001-kaz01c
central_asia_2001_kaz01d=Central Asia 2001-kaz01d
central_asia_2001_loc01a=Central Asia 2001-loc01a
central_asia_2001_loc01b=Central Asia 2001-loc01b
central_asia_2001_loc01c=Central Asia 2001-loc01c
central_asia_2001_loc01d=Central Asia 2001-loc01d
central_asia_2001_loc01e=Central Asia 2001-loc01e
central_asia_2001_loc01f=Central Asia 2001-loc01f
central_asia_2001_loc01g=Central Asia 2001-loc01g
central_asia_2002_cas02c=Central Asia 2002-cas02c
central_asia_2002_kaz02a=Central Asia 2002-kaz02a
central_asia_2002_kaz02b=Central Asia 2002-kaz02b
central_asia_2002_kaz02d=Central Asia 2002-kaz02d
central_asia_2002_loc02a=Central Asia 2002-loc02a
central_asia_2002_loc02b=Central Asia 2002-loc02b
central_asia_2002_loc02c=Central Asia 2002-loc02c
central_asia_2002_loc02d=Central Asia 2002-loc02d
central_asia_tie_2000_kaza_oki4=Central Asia Tie 2000-KAZA-OKI4
central_asia_tie_2000_shas_smst=Central Asia Tie 2000-SHAS-SMST
central_asia_tie_2000_sumk_sumw=Central Asia Tie 2000-SUMK-SUMW
central_iceland=Central Iceland
central_san_andreas_2002=Central San Andreas 2002
central_san_andreas_2003=Central San Andreas 2003
central_san_andreas_2004=Central San Andreas 2004
central_san_andreas_2005=Central San Andreas 2005
central_san_andreas_2007=Central San Andreas 2007
cib_1995=CIB 1995
cib_1996=CIB 1996
cib_1997=CIB 1997
cib_1998=CIB 1998
cib_2000=CIB 2000
cib_2001=CIB 2001
clew_1998_1999=CLEW 1998/1999
clew_2001=CLEW 2001
colorado_plateau_southern_basin_&_range_2007_2009_2007=Colorado Plateau-Southern Basin & Range 2007-2009-2007
colorado_plateau_southern_basin_&_range_2007_2009_2008=Colorado Plateau-Southern Basin & Range 2007-2009-2008
colorado_plateau_southern_basin_&_range_2007_2009_2009=Colorado Plateau-Southern Basin & Range 2007-2009-2009
columbia_river_transect_1999=Columbia River Transect 1999
columbia_river_transect_2001=Columbia River Transect 2001
cors=CORS
costa_rica=Costa Rica
costa_rica_2000=Costa Rica 2000
costa_rica_2003=Costa Rica 2003
cotopaxi_l1=Cotopaxi L1
cove_base_2000=Cove Base 2000
cove_base_2001=Cove Base 2001
death_valley_2002=Death Valley 2002
denali_2000=Denali 2000
denali_2002_august=Denali 2002-August
denali_2002_october_december=Denali 2002-October-December
denali_2003_january_july=Denali 2003-January-July
denali_2003_july_november=Denali 2003-July-November
denali_2003_site_ties=Denali 2003-Site Ties
denali_2004=Denali 2004
denali_2004_site_ties=Denali 2004-Site Ties
denali_2005=Denali 2005
denali_2006=Denali 2006
denali_2007=Denali 2007
denali_2008=Denali 2008
denali_2009=Denali 2009
denali_earthquake_high_rate_1_hz_2002=Denali Earthquake High Rate (1 HZ) 2002
denali_fault=Denali Fault
dive=DIVE
dive_l1=DIVE L1
dixie_valley_1999_05_may_=Dixie Valley 1999 05 (May)
dixie_valley_1999_10_oct_=Dixie Valley 1999 10 (Oct)
dixie_valley_2000=Dixie Valley 2000
dixie_valley_gravity_survey_1996_dixie_valley_raw_gps=Dixie Valley Gravity Survey 1996-Dixie Valley Raw GPS
dry_valleys=Dry Valleys
e_afr_rift_valley_ethiopia_uganda_1997=E. Afr. Rift Valley-Ethiopia/Uganda 1997
e_afr_rift_valley_uganda_1998=E. Afr. Rift Valley-Uganda 1998
east_africa_1997=East Africa 1997
eastern_mediterranean_1994_armenia=Eastern Mediterranean 1994-Armenia
eastern_mediterranean_1994_bulgaria=Eastern Mediterranean 1994-Bulgaria
eastern_mediterranean_1994_caucasus=Eastern Mediterranean 1994-Caucasus
eastern_mediterranean_1994_egypt=Eastern Mediterranean 1994-Egypt
eastern_mediterranean_1994_georgia=Eastern Mediterranean 1994-Georgia
eastern_mediterranean_1994_israel=Eastern Mediterranean 1994-Israel
eastern_mediterranean_1994_russia=Eastern Mediterranean 1994-Russia
eastern_mediterranean_1996_bulgaria=Eastern Mediterranean 1996-Bulgaria
eastern_mediterranean_1996_egypt=Eastern Mediterranean 1996-Egypt
eastern_mediterranean_1996_georgia_and_armenia=Eastern Mediterranean 1996-Georgia  and Armenia
eastern_mediterranean_1996_israel=Eastern Mediterranean 1996-Israel
eastern_mediterranean_1996_russia=Eastern Mediterranean 1996-Russia
eastern_mediterranean_1998_armenia=Eastern Mediterranean 1998-Armenia
eastern_mediterranean_1998_azerbaijan=Eastern Mediterranean 1998-Azerbaijan
eastern_mediterranean_1998_bulgaria=Eastern Mediterranean 1998-Bulgaria
eastern_mediterranean_1998_egypt=Eastern Mediterranean 1998-Egypt
eastern_mediterranean_1998_georgia=Eastern Mediterranean 1998-Georgia
eastern_mediterranean_1998_russia=Eastern Mediterranean 1998-Russia
eastern_mediterranean_2000_azerbaijan=Eastern Mediterranean 2000-Azerbaijan
eastern_mediterranean_2000_georgia=Eastern Mediterranean 2000-Georgia
eastern_mediterranean_2000_syria=Eastern Mediterranean 2000-Syria
eastern_mediterranean_2002_armenia=Eastern Mediterranean 2002-Armenia
eastern_mediterranean_2002_azerbaijan=Eastern Mediterranean 2002-Azerbaijan
eastern_mediterranean_2004_aegean=Eastern Mediterranean 2004-Aegean
eastern_mediterranean_2004_azerbaijan=Eastern Mediterranean 2004-Azerbaijan
eastern_mediterranean_2004_georgia=Eastern Mediterranean 2004-Georgia
eastern_mediterranean_2004_russia=Eastern Mediterranean 2004-Russia
eastern_mediterranean_2004_turkey=Eastern Mediterranean 2004-Turkey
eastern_snake_river_plain_2004=Eastern Snake River Plain 2004
eastern_snake_river_plain_2006=Eastern Snake River Plain 2006
ebry=EBRY
education_and_outreach=Education and Outreach
el_salvador=El Salvador
eritrea=Eritrea
eritrea_2004=Eritrea 2004
eritrea_2005=Eritrea 2005
eritrea_2006=Eritrea 2006
eritrea_2007=Eritrea 2007
eritrea_2008=Eritrea 2008
eritrea_2009=Eritrea 2009
ethiopia=Ethiopia
ethiopia_1992_01_jan_=Ethiopia 1992 01 (Jan)
ethiopia_1992_10_oct_nov_=Ethiopia 1992 10 (Oct/Nov)
ethiopia_1995=Ethiopia 1995
ethiopia_2003=Ethiopia 2003
ethiopia_2007=Ethiopia 2007
ethiopia_2009=Ethiopia 2009
ethiopia_2010=Ethiopia 2010
fast_pegasus_1995=Fast Pegasus 1995
filcher_ronne_&_larsen_c_ice_shelf_tides_2007_2009_fr01=Filcher-Ronne & Larsen C Ice Shelf Tides 2007-2009-FR01
filcher_ronne_&_larsen_c_ice_shelf_tides_2007_2009_fr03=Filcher-Ronne & Larsen C Ice Shelf Tides 2007-2009-FR03
filcher_ronne_&_larsen_c_ice_shelf_tides_2007_2009_fr04=Filcher-Ronne & Larsen C Ice Shelf Tides 2007-2009-FR04
filcher_ronne_&_larsen_c_ice_shelf_tides_2007_2009_fr05=Filcher-Ronne & Larsen C Ice Shelf Tides 2007-2009-FR05
filcher_ronne_&_larsen_c_ice_shelf_tides_2007_2009_fr06=Filcher-Ronne & Larsen C Ice Shelf Tides 2007-2009-FR06
filcher_ronne_&_larsen_c_ice_shelf_tides_2007_2009_fr07=Filcher-Ronne & Larsen C Ice Shelf Tides 2007-2009-FR07
filcher_ronne_&_larsen_c_ice_shelf_tides_2007_2009_fr08=Filcher-Ronne & Larsen C Ice Shelf Tides 2007-2009-FR08
filcher_ronne_&_larsen_c_ice_shelf_tides_2007_2009_fr09=Filcher-Ronne & Larsen C Ice Shelf Tides 2007-2009-FR09
filcher_ronne_&_larsen_c_ice_shelf_tides_2007_2009_fr10=Filcher-Ronne & Larsen C Ice Shelf Tides 2007-2009-FR10
filcher_ronne_&_larsen_c_ice_shelf_tides_2007_2009_lar1=Filcher-Ronne & Larsen C Ice Shelf Tides 2007-2009-LAR1
filcher_ronne_&_larsen_c_ice_shelf_tides_2007_2009_lar2=Filcher-Ronne & Larsen C Ice Shelf Tides 2007-2009-LAR2
filcher_ronne_&_larsen_c_ice_shelf_tides_2007_2009_lar3=Filcher-Ronne & Larsen C Ice Shelf Tides 2007-2009-LAR3
filcher_ronne_&_larsen_c_ice_shelf_tides_2007_2009_w04a=Filcher-Ronne & Larsen C Ice Shelf Tides 2007-2009-W04A
filcher_ronne_&_larsen_c_ice_shelf_tides_2007_2009_w05b=Filcher-Ronne & Larsen C Ice Shelf Tides 2007-2009-W05B
galapagos=Galapagos
galapagos_2006=Galapagos 2006
galapagos_l1=Galapagos L1
galapagos_tie_2002=Galapagos Tie 2002
garlock_1997=Garlock 1997
garlock_1998_06_jun_=Garlock 1998 06 (Jun)
garlock_1998_1999=Garlock 1998/1999
garlock_2000=Garlock 2000
garlock_2001_03_mar_=Garlock 2001 03 (Mar)
garlock_2001_06_jun_=Garlock 2001 06 (Jun)
geoearthscope_als_alaska_2008=GeoEarthScope ALS Alaska 2008
geoearthscope_als_northern_california_2007=GeoEarthScope ALS Northern California 2007
geoearthscope_als_san_andreas_fault_b4_2005_b4_phase_1=GeoEarthScope ALS San Andreas Fault (B4) 2005-B4-Phase 1
geoearthscope_als_san_andreas_fault_b4_2005_b4_phase_2=GeoEarthScope ALS San Andreas Fault (B4) 2005-B4-Phase 2
geoearthscope_als_yellowstone_2008=GeoEarthScope ALS Yellowstone 2008
geomex_1989=GEOMEX 1989
geomex_1996=GEOMEX 1996
geysers_1995=Geysers 1995
geysers_1996=Geysers 1996
geysers_a_1994=Geysers A 1994
geysers_b_1994=Geysers B 1994
ggn=GGN
ggn_marshall=GGN Marshall
ggn_l2c=GGN-L2C
gig_1991=GIG 1991
goddard_gode_site_tie_2010_2011_ggao_vlbi_center=Goddard (GODE) Site Tie 2010/2011-GGAO VLBI Center
goddard_gode_site_tie_2010_2011_ggao_vlbi_corner=Goddard (GODE) Site Tie 2010/2011-GGAO VLBI Corner
goddard_gode_site_tie_2010_2011_mast=Goddard (GODE) Site Tie 2010/2011-MAST
goddard_gode_site_tie_2010_2011_pilr=Goddard (GODE) Site Tie 2010/2011-PILR
goldstone_1999=Goldstone 1999
goldstone_2000=Goldstone 2000
goldstone_2001=Goldstone 2001
gps_shaketable_test_2009_sample_interval:_0_1_s=GPS Shaketable Test 2009-Sample interval: 0.1 s
gps_shaketable_test_2009_sample_interval:_0_2_s=GPS Shaketable Test 2009-Sample interval: 0.2 s
gps_shaketable_test_2009_sample_interval:_1_s=GPS Shaketable Test 2009-Sample interval: 1 s
gps_shaketable_test_2009_sample_interval:_15_s=GPS Shaketable Test 2009-Sample interval: 15 s
gps_soil_moisture=GPS Soil Moisture
gravity_2002=Gravity 2002
gravity_2003=Gravity 2003
greenland=Greenland
greenland_polenet_gnet=Greenland POLENET - GNET
guam_emergency_response_1993=Guam Emergency Response 1993
guerrero_1992=Guerrero 1992
guerrero_1995=Guerrero 1995
guerrero_1996=Guerrero 1996
guerrero_1998=Guerrero 1998
guerrero_2000=Guerrero 2000
guerrero_coast_mexico=Guerrero Coast Mexico
gujarat_2001=Gujarat 2001
gulfnet=GULFNET
gulfnet_1997=GULFNET 1997
gulfnet_1998=GULFNET 1998
gulfnet_1999=GULFNET 1999
haapai_earthquake_2006=Haapai Earthquake 2006
haiti=Haiti
hanford_2000=Hanford 2000
hanford_2002=Hanford 2002
hawaii=Hawaii
hawaii_earthquake_rapid_response=Hawaii Earthquake Rapid Response
hawaii_l1=Hawaii L1
hayward_fault_1998=Hayward Fault 1998
hayward_fault_1999=Hayward Fault 1999
hayward_fault_2000=Hayward Fault 2000
hayward_fault_2001=Hayward Fault 2001
hayward_fault_2002=Hayward Fault 2002
hayward_fault_2003=Hayward Fault 2003
hayward_fault_2006=Hayward Fault 2006
hayward_fault_2008=Hayward Fault 2008
hayward_fault_l1=Hayward Fault L1
hebgen_lake_1989=Hebgen Lake 1989
high_arctic_field_course_2005=High Arctic Field Course 2005
honduras_2000=Honduras 2000
honduras_semi_continuous_2007_2008_teg1=Honduras Semi-Continuous 2007/2008-TEG1
iagt_cayuga=IAGT Cayuga
iarc_2005=IARC 2005
iarc_2006=IARC 2006
iarc_2007=IARC 2007
iarc_2008=IARC 2008
iceberg_lake_2001=Iceberg Lake 2001
iceberg_lake_2002=Iceberg Lake 2002
iceland_1989=Iceland 1989
iceland_1992=Iceland 1992
iceland_2001=Iceland 2001
iceland_2002=Iceland 2002
iceland_emergency_earthquake_response_2008=Iceland Emergency Earthquake Response 2008
iceland_northern_volcanic_zone_1992=Iceland Northern Volcanic Zone 1992
iceland_northern_volcanic_zone_1995=Iceland Northern Volcanic Zone 1995
idaho_national_laboratory=Idaho National Laboratory
igs=IGS
iliamna_1999=Iliamna 1999
imperial_valley_salton_trough_1989=Imperial Valley/Salton Trough 1989
imperial_valley_salton_trough_1990=Imperial Valley/Salton Trough 1990
imperial_valley_salton_trough_1993=Imperial Valley/Salton Trough 1993
imperial_valley_salton_trough_1995=Imperial Valley/Salton Trough 1995
india_1994=India 1994
india_shillong_2004=India Shillong 2004
indonesia=Indonesia
indonesia_apex_1989=Indonesia (APEX) 1989
indonesia_apex_1990=Indonesia (APEX) 1990
indonesia_apex_1993=Indonesia (APEX) 1993
indonesia_1991=Indonesia 1991
indonesia_1997=Indonesia 1997
ipy_international_polar_year=IPY International Polar Year
irian_jaya_1996=Irian Jaya 1996
irian_jaya_1997=Irian Jaya 1997
irian_jaya_2002=Irian Jaya 2002
irian_jaya_2004=Irian Jaya 2004
isea_2006=ISEA 2006
isea_2007=ISEA 2007
isea_2008=ISEA 2008
isea_2009=ISEA 2009
isz_1995=ISZ 1995
isz_1996=ISZ 1996
isz_1997=ISZ 1997
isz_1998=ISZ 1998
isz_1999=ISZ 1999
isz_2000=ISZ 2000
isz_2001=ISZ 2001
jalisco=Jalisco
jalisco_1995_03_march_=Jalisco 1995 03 (March)
jalisco_1995_10_october_=Jalisco 1995 10 (October)
jalisco_1996=Jalisco 1996
jalisco_1997=Jalisco 1997
jalisco_1998=Jalisco 1998
jalisco_1999=Jalisco 1999
jalisco_2000=Jalisco 2000
jalisco_2001=Jalisco 2001
jalisco_2002=Jalisco 2002
jalisco_2003=Jalisco 2003
jalisco_2004=Jalisco 2004
jalisco_2005=Jalisco 2005
jalisco_2007=Jalisco 2007
jamaica_1999=Jamaica 1999
jamaica_2000=Jamaica 2000
jamaica_2001=Jamaica 2001
jamaica_2002=Jamaica 2002
jamaica_2003=Jamaica 2003
jamaica_2004=Jamaica 2004
jamaica_2005=Jamaica 2005
jamaica_2006=Jamaica 2006
jamaica_2007=Jamaica 2007
jamaica_2008=Jamaica 2008
jamaica_2009=Jamaica 2009
jamaica_semi_continuous_2006_2009_pike=Jamaica Semi-Continuous 2006-2009-PIKE
jamaica_semi_continuous_2006_2009_plnd=Jamaica Semi-Continuous 2006-2009-PLND
joshua_tree_2005=Joshua Tree 2005
joshua_tree_2006_joshua_tree_august_september_2006=Joshua Tree 2006-Joshua Tree August - September 2006
joshua_tree_2006_joshua_tree_february_may_2006=Joshua Tree 2006-Joshua Tree February - May 2006
joshua_tree_2007_joshua_tree_february_2007=Joshua Tree 2007-Joshua Tree February 2007
joshua_tree_2007_joshua_tree_may_2007=Joshua Tree 2007-Joshua Tree May 2007
joshua_tree_2007_joshua_tree_september_2007=Joshua Tree 2007-Joshua Tree September 2007
joshua_tree_2008_joshua_tree_may_2008=Joshua Tree 2008-Joshua Tree May 2008
joshua_tree_2008_joshua_tree_september_2008=Joshua Tree 2008-Joshua Tree September 2008
kamchatka_1999=Kamchatka 1999
kamchatka_2005=Kamchatka 2005
kamchatka_2006=Kamchatka 2006
kamchatka_2007=Kamchatka 2007
kamchatka_2008=Kamchatka 2008
kamchatka_2009=Kamchatka 2009
katalla_alaska_1999=Katalla Alaska 1999
katmai_1997=Katmai 1997
katmai_1998=Katmai 1998
katmai_2000=Katmai 2000
kenai_1995=Kenai 1995
kenai_1996=Kenai 1996
kenai_1997=Kenai 1997
kenai_1998_06_jun_=Kenai 1998 06 (Jun)
kenai_1998_09_sep_=Kenai 1998 09 (Sep)
kenai_1999=Kenai 1999
kenai_2000=Kenai 2000
kenai_2001=Kenai 2001
kenai_2002=Kenai 2002
kenai_2003=Kenai 2003
kenai_2004=Kenai 2004
kenai_2005=Kenai 2005
kenai_2006=Kenai 2006
kenai_2007=Kenai 2007
kenai_2008=Kenai 2008
kenai_2009=Kenai 2009
kilauea_1990=Kilauea 1990
kilauea_1992=Kilauea 1992
kilauea_1993=Kilauea 1993
kilauea_1994=Kilauea 1994
kilauea_1995=Kilauea 1995
kilauea_1996=Kilauea 1996
kilauea_1997=Kilauea 1997
kilauea_1999=Kilauea 1999
kodiak_2005=Kodiak 2005
kodiak_2006=Kodiak 2006
kodiak_2007=Kodiak 2007
kuril_continuous_2006_2007_itur_iturup_island_seismic_station=Kuril Continuous 2006/2007-ITUR-Iturup Island/Seismic Station
kuril_continuous_2006_2007_ketc_ketoy_island=Kuril Continuous 2006/2007-KETC-Ketoy Island
kuril_continuous_2006_2007_kuna_kunashir_island_seismic_station=Kuril Continuous 2006/2007-KUNA-Kunashir Island/Seismic Station
kuril_continuous_2006_2007_matc_matua_island=Kuril Continuous 2006/2007-MATC-Matua Island
kuril_continuous_2006_2007_parm_paramushir_island_seismic_station=Kuril Continuous 2006/2007-PARM-Paramushir Island/Seismic Station
kuril_continuous_2006_2007_shik_shikotan_island_seismic_station=Kuril Continuous 2006/2007-SHIK-Shikotan Island/Seismic Station
kuril_continuous_2006_2007_urup_urup_island=Kuril Continuous 2006/2007-URUP-Urup Island
kuril_continuous_2008_itur_iturup_island_seismic_station=Kuril Continuous 2008-ITUR-Iturup Island/Seismic Station
kuril_continuous_2008_ketc_ketoy_island=Kuril Continuous 2008-KETC-Ketoy Island
kuril_continuous_2008_khac_kharimkotan_island=Kuril Continuous 2008-KHAC-Kharimkotan Island
kuril_continuous_2008_kost_kostochka=Kuril Continuous 2008-KOST-Kostochka
kuril_continuous_2008_kuna_kunashir_island_seismic_station=Kuril Continuous 2008-KUNA-Kunashir Island/Seismic Station
kuril_continuous_2008_matc_matua_island=Kuril Continuous 2008-MATC-Matua Island
kuril_continuous_2008_parm_paramushir_island_seismic_station=Kuril Continuous 2008-PARM-Paramushir Island/Seismic Station
kuril_continuous_2008_shik_shikotan_island_seismic_station=Kuril Continuous 2008-SHIK-Shikotan Island/Seismic Station
kuril_continuous_2008_urup_urup_island=Kuril Continuous 2008-URUP-Urup Island
kuril_continuous_2009_ketc_ketoy_island=Kuril Continuous 2009-KETC-Ketoy Island
kuril_continuous_2009_khac_kharimkotan_island=Kuril Continuous 2009-KHAC-Kharimkotan Island
kuril_continuous_2009_kost_kostochka=Kuril Continuous 2009-KOST-Kostochka
kuril_continuous_2009_kuna_kunashir_island_seismic_station=Kuril Continuous 2009-KUNA-Kunashir Island/Seismic Station
kuril_continuous_2009_matc_matua_island=Kuril Continuous 2009-MATC-Matua Island
kuril_continuous_2009_parm_paramushir_island_seismic_station=Kuril Continuous 2009-PARM-Paramushir Island/Seismic Station
kuril_continuous_2009_shik_shikotan_island_seismic_station=Kuril Continuous 2009-SHIK-Shikotan Island/Seismic Station
la_high_rise_network_1990=LA High Rise Network 1990
ladakh_1997=Ladakh 1997
ladakh_1998=Ladakh 1998
ladakh_1999=Ladakh 1999
ladakh_2000=Ladakh 2000
lake_bonney=Lake Bonney
las_vegas_unr=Las Vegas-UNR
lebanon_2002_april=Lebanon 2002-April
lebanon_2002_october=Lebanon 2002-October
lebanon_2003=Lebanon 2003
lebanon_2004=Lebanon 2004
lewis_and_clark_2000=Lewis and Clark 2000
lewis_and_clark_2001=Lewis and Clark 2001
lewis_and_clark_2003=Lewis and Clark 2003
lewis_and_clark_2008=Lewis and Clark 2008
lewis_and_clark_2009=Lewis and Clark 2009
lewis_and_clark_2010=Lewis and Clark 2010
limestone_2001=Limestone 2001
limestone_2003=Limestone 2003
loma_prieta_1989_02_feb_=Loma Prieta 1989 02 (Feb)
loma_prieta_1990_01_jan_=Loma Prieta 1990 01 (Jan)
loma_prieta_1990_03_mar_=Loma Prieta 1990 03 (Mar)
loma_prieta_1990_09_sep_=Loma Prieta 1990 09 (Sep)
loma_prieta_1991=Loma Prieta 1991
loma_prieta_1992=Loma Prieta 1992
loma_prieta_1993=Loma Prieta 1993
loma_prieta_1994=Loma Prieta 1994
loma_prieta_1995=Loma Prieta 1995
loma_prieta_1996=Loma Prieta 1996
loma_prieta_1997=Loma Prieta 1997
loma_prieta_1998=Loma Prieta 1998
loma_prieta_1999=Loma Prieta 1999
loma_prieta_2001=Loma Prieta 2001
loma_prieta_2003=Loma Prieta 2003
loma_prieta_2005=Loma Prieta 2005
long_baseline_antenna_swap_1997=Long Baseline Antenna Swap 1997
long_valley_2000=Long Valley 2000
long_valley_2001=Long Valley 2001
long_valley_l1=Long Valley L1
longs_peak_2002=Longs Peak 2002
longs_peak_2004=Longs Peak 2004
low_elevation_antenna_test_1997=Low Elevation Antenna Test 1997
luzon_2002=Luzon 2002
macedonia_1996=Macedonia 1996
macedonia_2000=Macedonia 2000
magnet=MAGNET
mammoth_1992_ecsz=Mammoth 1992-ECSZ
mammoth_1993_ecsz=Mammoth 1993-ECSZ
mammoth_1995_ecsz=Mammoth 1995-ECSZ
mammoth_1998_ecsz=Mammoth 1998-ECSZ
mammoth_2001_ecsz=Mammoth 2001-ECSZ
mammoth_2003_ecsz=Mammoth 2003-ECSZ
mammoth_mojave_1994_ecsz_combined_sites=Mammoth/Mojave 1994-ECSZ-Combined Sites
mammoth_mojave_1994_ecsz_mammoth=Mammoth/Mojave 1994-ECSZ-Mammoth
mammoth_mojave_1994_ecsz_mojave=Mammoth/Mojave 1994-ECSZ-Mojave
marmara_1990=Marmara 1990
marmara_1992_eth=Marmara 1992-ETH
marmara_1992_mit=Marmara 1992-MIT
marmara_1993=Marmara 1993
marmara_1994_eth=Marmara 1994-ETH
marmara_1994_mit=Marmara 1994-MIT
marmara_1995=Marmara 1995
marmara_1996=Marmara 1996
marmara_1998=Marmara 1998
mauna_loa=Mauna Loa
medicine_lake_1996=Medicine Lake 1996
medicine_lake_1999=Medicine Lake 1999
mediterranean=Mediterranean
met_sites=Met Sites
meteorite_city=Meteorite City
metro_water_district=Metro Water District
mid_america_gama=Mid-America GAMA
mine_deformation_2001_l1_only=Mine Deformation 2001-L1 only
mine_deformation_2001_l1_l2=Mine Deformation 2001-L1/L2
mississippi_delta_2001=Mississippi Delta 2001
mississippi_delta_2002=Mississippi Delta 2002
mississippi_delta_2003=Mississippi Delta 2003
mississippi_delta_2004=Mississippi Delta 2004
mississippi_delta_2006=Mississippi Delta 2006
mojave_1991_ecsz=Mojave 1991-ECSZ
mojave_1992_ecsz=Mojave 1992-ECSZ
mojave_1993_03_mar_ecsz=Mojave 1993 03 (Mar)-ECSZ
mojave_1993_08_aug_ecsz=Mojave 1993 08 (Aug)-ECSZ
mojave_1995_ecsz=Mojave 1995-ECSZ
mojave_1996_ecsz=Mojave 1996-ECSZ
mojave_1997_ecsz=Mojave 1997-ECSZ
mojave_1998_06_jun_ecsz=Mojave 1998 06 (Jun)-ECSZ
mojave_1998_12_dec_ecsz=Mojave 1998 12 (Dec)-ECSZ
mojave_1999_ecsz=Mojave 1999-ECSZ
mojave_2000_ecsz=Mojave 2000-ECSZ
mojave_2001_03_mar_ecsz=Mojave 2001 03 (Mar)-ECSZ
mojave_2001_06_jun_ecsz=Mojave 2001 06 (Jun)-ECSZ
mono_lake_2009=Mono Lake 2009
montserrat=Montserrat
morocco_1999=Morocco 1999
morocco_2001=Morocco 2001
morocco_2002=Morocco 2002
morocco_2004=Morocco 2004
morocco_2006=Morocco 2006
mount_erebus=Mount Erebus
mount_evans_1988=Mount Evans 1988
mount_rainier_1994=Mount Rainier 1994
mount_rainier_1999=Mount Rainier 1999
mt_erebus=Mt. Erebus
mt_spurr=Mt. Spurr
mt_spurr_2004=Mt. Spurr 2004
mt_spurr_2005=Mt. Spurr 2005
mt_st_augustine_pbo_2004=Mt. St. Augustine PBO 2004
mt_washington=Mt. Washington
negar_nepal=NEGAR Nepal
nepal=Nepal
nepal_1991=Nepal 1991
nepal_1992=Nepal 1992
nepal_1995=Nepal 1995
nepal_1996_november_december=Nepal 1996-November-December
nepal_1998_pokhara_jomosom=Nepal 1998-Pokhara-Jomosom
nepal_1998_traverse=Nepal 1998-Traverse
nepal_2001=Nepal 2001
nepal_2004=Nepal 2004
nepal_khumbu_1997=Nepal Khumbu 1997
nepal_khumbu_2000=Nepal Khumbu 2000
nepal_khumbu_2003=Nepal Khumbu 2003
nepal_khumbu_2004=Nepal Khumbu 2004
nepal_pokhara_jomosom_2003=Nepal Pokhara-Jomosom 2003
new_england_1986=New England 1986
new_madrid_1997=New Madrid 1997
new_madrid_seismic_zone_1993=New Madrid Seismic Zone 1993
new_mexico_hydrology_1998=New Mexico Hydrology 1998
new_zealand_1991=New Zealand 1991
new_zealand_1992=New Zealand 1992
new_zealand_1997=New Zealand 1997
new_zealand_east_cape_raukumara_1995=New Zealand East Cape-Raukumara 1995
new_zealand_taupo_1995=New Zealand Taupo 1995
new_zealand_taupo_volcanic_zone_1990=New Zealand Taupo Volcanic Zone 1990
new_zealand_taupo_volcanic_zone_1993=New Zealand Taupo Volcanic Zone 1993
new_zealand_wellington_1995=New Zealand Wellington 1995
new_zealand_kin_s_of_plate_boundary_1995_christchurch_hokitika_south_island=New Zealand-Kin.s of Plate Boundary 1995-Christchurch-Hokitika/South Island
new_zealand_kin_s_of_plate_boundary_1995_megametre=New Zealand-Kin.s of Plate Boundary 1995-Megametre
new_zealand_kin_s_of_plate_boundary_1995_sub_antarctic_island_mt_ostler=New Zealand-Kin.s of Plate Boundary 1995-Sub-Antarctic Island/Mt. Ostler
new_zealand_kin_s_of_plate_boundary_1995_west_coast_south_island=New Zealand-Kin.s of Plate Boundary 1995-West Coast South Island
ngs_1997=NGS 1997
nicaragua_2000=Nicaragua 2000
nicaragua_2001=Nicaragua 2001
nicaragua_2003=Nicaragua 2003
nisqually_2001=Nisqually 2001
norris_continuous_2006_2007_pcln_porcelain_basin=Norris Continuous 2006/2007-PCLN-Porcelain Basin
norris_continuous_2006_2007_prkc_porkchop_geyser=Norris Continuous 2006/2007-PRKC-Porkchop Geyser
norris_continuous_2006_2007_stmb_steamboat_geyser=Norris Continuous 2006/2007-STMB-Steamboat Geyser
norris_continuous_2006_2007_tuf1_tuff=Norris Continuous 2006/2007-TUF1-TUFF
norris_continuous_2006_2007_weir_tantalus_weir=Norris Continuous 2006/2007-WEIR-Tantalus Weir
north_liberty_tie_2009=North Liberty Tie 2009
north_liberty_tie_2010=North Liberty Tie 2010
northern_california_1991=Northern California 1991
northern_california_1992=Northern California 1992
northern_california_1993=Northern California 1993
northern_california_1994=Northern California 1994
northwest_island_washington_2005=Northwest Island Washington 2005
northwest_mexico=Northwest Mexico
nucleus=Nucleus
nucleus_akda=Nucleus-AKDA
nucleus_bard=Nucleus-BARD
nucleus_bargen=Nucleus-BARGEN
nucleus_ebry=Nucleus-EBRY
nucleus_panga=Nucleus-PANGA
nucleus_scign=Nucleus-SCIGN
oaxaca_2001=Oaxaca 2001
oaxaca_2002=Oaxaca 2002
oaxaca_2003=Oaxaca 2003
oaxaca_2004_2005=Oaxaca 2004/2005
oaxaca_2006=Oaxaca 2006
oaxaca_mexico_oxnet=Oaxaca Mexico OXNET
okmok=Okmok
okmok_2000=Okmok 2000
okmok_2001=Okmok 2001
okmok_2002=Okmok 2002
okmok_2003=Okmok 2003
okmok_2004=Okmok 2004
okmok_2005=Okmok 2005
okmok_2008=Okmok 2008
okmok_semi_continuous_2008_ok13=Okmok Semi-Continuous 2008-OK13
okmok_semi_continuous_2008_ok31=Okmok Semi-Continuous 2008-OK31
okmok_semi_continuous_2008_ok37=Okmok Semi-Continuous 2008-OK37
okmok_semi_continuous_2009_ok13=Okmok Semi-Continuous 2009-OK13
okmok_semi_continuous_2009_ok31=Okmok Semi-Continuous 2009-OK31
okmok_semi_continuous_2009_ok37=Okmok Semi-Continuous 2009-OK37
oregon_1996=Oregon 1996
oregon_1997=Oregon 1997
oregon_1998=Oregon 1998
oregon_1999=Oregon 1999
oregon_2000=Oregon 2000
oregon_2002=Oregon 2002
oregon_coast_2005=Oregon Coast 2005
oregon_coast_2007=Oregon Coast 2007
oregon_california_2003=Oregon/California 2003
oregon_washington_2001_pacific_nw=Oregon/Washington 2001-Pacific NW
oregon_washington_2004=Oregon/Washington 2004
pajaro_gap_1990=Pajaro Gap 1990
pakistan_2001=Pakistan 2001
pakistan_2003_nceg=Pakistan 2003-NCEG
pakistan_2003_salt_range=Pakistan 2003-Salt Range
pakistan_2005=Pakistan 2005
pakistan_2008=Pakistan 2008
palmer_2000=Palmer 2000
panga=PANGA
papua_new_guinea_1993=Papua New Guinea 1993
papua_new_guinea_1994=Papua New Guinea 1994
parkfield_1994=Parkfield 1994
parkfield_earthquake_high_rate_1_hz_2004=Parkfield Earthquake High Rate (1 HZ) 2004
parkfield_emergency_response_2004=Parkfield Emergency Response 2004
pavlof_semi_continuous_2007_2008_pv01=Pavlof Semi-Continuous 2007/2008-PV01
pavlof_semi_continuous_2007_2008_pv02=Pavlof Semi-Continuous 2007/2008-PV02
pavlof_semi_continuous_2007_2008_pv03=Pavlof Semi-Continuous 2007/2008-PV03
pbo=PBO
pbo_alaska_region=PBO Alaska Region
pbo_analysis_support_stations=PBO Analysis Support Stations
pbo_basin_and_range_region=PBO Basin and Range Region
pbo_east_region=PBO East Region
pbo_extension=PBO Extension
pbo_magmatic=PBO Magmatic
pbo_northern_california_region=PBO Northern California Region
pbo_pacific_northwest_region=PBO Pacific Northwest Region
pbo_rocky_mountain_region=PBO Rocky Mountain Region
pbo_southern_california_region=PBO Southern California Region
pbo_subduction=PBO Subduction
pbo_ties_2004_wick_wicksrnsm_cs=PBO Ties 2004-WICK-WicksRnSM_CS
pbo_ties_2005=PBO Ties 2005
pbo_ties_2006=PBO Ties 2006
pbo_ties_2008_pbo_ties=PBO Ties 2008-PBO-Ties
pbo_ties_2009=PBO Ties 2009
pbo_transform=PBO Transform
peatlands_minnesota=Peatlands Minnesota
philippine_island_cmp_1993=Philippine Island CMP 1993
philippine_sea_plate_luzon_1996_marikina_fault_subnet=Philippine Sea Plate (LUZON) 1996-Marikina Fault Subnet
philippine_sea_plate_luzon_1996_philippine_fault_subnet=Philippine Sea Plate (LUZON) 1996-Philippine Fault Subnet
philippine_sea_plate_luzon_1996_pinatubo_volcano_subnet=Philippine Sea Plate (LUZON) 1996-Pinatubo Volcano Subnet
philippine_sea_plate_luzon_1996_taal_volcano_fast_static=Philippine Sea Plate (LUZON) 1996-Taal Volcano Fast Static
philippine_sea_plate_luzon_1996_taal_volcano_subnet=Philippine Sea Plate (LUZON) 1996-Taal Volcano Subnet
philippine_sea_plate_1990=Philippine Sea Plate 1990
philippine_sea_plate_1991=Philippine Sea Plate 1991
philippine_sea_plate_1992=Philippine Sea Plate 1992
philippine_sea_plate_1993=Philippine Sea Plate 1993
philippine_sea_plate_1994=Philippine Sea Plate 1994
philippine_volcanoes_mayon_2001_july_21=Philippine Volcanoes - Mayon 2001-July 21
philippine_volcanoes_mayon_2001_july_27=Philippine Volcanoes - Mayon 2001-July 27
philippine_volcanoes_mayon_2001_mv03=Philippine Volcanoes - Mayon 2001-MV03
philippine_volcanoes_mayon_2001_mv05=Philippine Volcanoes - Mayon 2001-MV05
philippine_volcanoes_mayon_2001_mv08=Philippine Volcanoes - Mayon 2001-MV08
philippine_volcanoes_mayon_2001_november_12=Philippine Volcanoes - Mayon 2001-November 12
philippine_volcanoes_mayon_2001_september_1=Philippine Volcanoes - Mayon 2001-September 1
philippines=Philippines
philippines_1998=Philippines 1998
philippines_1999=Philippines 1999
platteville=Platteville
platteville_1994=Platteville 1994
platteville_2001=Platteville 2001
platteville_reference_mark_survey_1992=Platteville Reference Mark Survey 1992
popocatapetl=Popocatapetl
preliminary_evaluation_of_gps_dome_materials_2010_cpe2_camp_elliot_test=Preliminary Evaluation of GPS Dome Materials 2010-CPE2 - Camp Elliot Test
pribiloff_1999=Pribiloff 1999
pseudorange_bias_testing_2005_ing0_p_s_=Pseudorange Bias Testing 2005-ING0- P.S.
pseudorange_bias_testing_2005_ing1_p_s_=Pseudorange Bias Testing 2005-ING1- P.S.
pseudorange_bias_testing_2005_ing2_p_s_=Pseudorange Bias Testing 2005-ING2- P.S.
pseudorange_bias_testing_2005_ing3_p_s_=Pseudorange Bias Testing 2005-ING3- P.S.
pt_heiden_1997=Pt Heiden 1997
puerto_rico=Puerto Rico
rabat_tie_1998=Rabat Tie 1998
rabat_tie_2000=Rabat Tie 2000
redoubt_2001=Redoubt 2001
redoubt_2008=Redoubt 2008
redoubt_2009=Redoubt 2009
redoubt_semi_continous_2009_dumm=Redoubt Semi-Continous 2009-DUMM
redoubt_semi_continous_2009_rbed=Redoubt Semi-Continous 2009-RBED
redoubt_semi_continous_2009_rgby=Redoubt Semi-Continous 2009-RGBY
redoubt_semi_continous_2009_rvbm=Redoubt Semi-Continous 2009-RVBM
retreat_croatia_2007_2008=RETREAT - Croatia 2007/2008
retreat_croatia_semi_continous_2007_2008_ad01=RETREAT - Croatia Semi-Continous 2007/2008-AD01
retreat_croatia_semi_continous_2007_2008_ad02=RETREAT - Croatia Semi-Continous 2007/2008-AD02
retreat_croatia_semi_continous_2007_2008_ad05=RETREAT - Croatia Semi-Continous 2007/2008-AD05
retreat_italy_2003=RETREAT - Italy 2003
retreat_italy_2004=RETREAT - Italy 2004
retreat_italy_2004_cold=RETREAT - Italy 2004-COLD
retreat_italy_2005=RETREAT - Italy 2005
retreat_italy_2005_cold=RETREAT - Italy 2005-COLD
retreat_italy_2005_spel=RETREAT - Italy 2005-SPEL
retreat_italy_2006=RETREAT - Italy 2006
retreat_italy_2006_cold=RETREAT - Italy 2006-COLD
retreat_italy_2006_spel=RETREAT - Italy 2006-SPEL
retreat_italy_2007=RETREAT - Italy 2007
retreat_italy_2007_aull=RETREAT - Italy 2007-AULL
retreat_italy_2007_cerv=RETREAT - Italy 2007-CERV
retreat_italy_2007_gess=RETREAT - Italy 2007-GESS
retreat_italy_2007_macu=RETREAT - Italy 2007-MACU
retreat_italy_2007_masc=RETREAT - Italy 2007-MASC
retreat_italy_2007_srgf=RETREAT - Italy 2007-SRGF
rio_grande_rift=Rio Grande Rift
rio_grande_rift_2008=Rio Grande Rift 2008
saf_creeping_segment_2003=SAF Creeping Segment 2003
saf_creeping_segment_2006=SAF Creeping Segment 2006
saf_creeping_segment_2007=SAF Creeping Segment 2007
sage_new_zealand=SAGE New Zealand
salmon_falls_creek_2003_base_base_station=Salmon Falls Creek 2003-BASE-Base Station
salmon_falls_creek_2003_blok_upper_block=Salmon Falls Creek 2003-BLOK-Upper Block
salmon_falls_creek_2003_midd_middle=Salmon Falls Creek 2003-MIDD-Middle
salmon_falls_creek_2003_ntoe_north_toe=Salmon Falls Creek 2003-NTOE-North Toe
salmon_falls_creek_2003_stoe_south_toe=Salmon Falls Creek 2003-STOE-South Toe
san_andreas_fault_1996=San Andreas Fault 1996
san_andreas_fault_1997=San Andreas Fault 1997
san_andreas_fault_2000=San Andreas Fault 2000
san_bernardino_saf_earthscope_2009=San Bernardino SAF EarthScope 2009
san_simeon_earthquake_high_rate_1_hz_2003=San Simeon Earthquake High Rate (1 HZ) 2003
san_simeon_earthquake_response_2004=San Simeon Earthquake Response 2004
sanak_2004=Sanak 2004
santorini=Santorini
santorini_2008=Santorini 2008
santorini_2010=Santorini 2010
saskatchewan_1994=Saskatchewan 1994
scarp_1997=SCARP 1997
scarp_1998=SCARP 1998
scarp_1999=SCARP 1999
scarp_2000=SCARP 2000
scarp_2001=SCARP 2001
scarp_2002=SCARP 2002
scign_usgs=SCIGN USGS
seldovia_2000=Seldovia 2000
senh=SENH
shackleton_glacier=Shackleton Glacier
shumagins_2003=Shumagins 2003
snake_river_plain_1990=Snake River Plain 1990
snake_river_plain_2008=Snake River Plain 2008
snapp_1996_bolivia=SNAPP 1996-Bolivia
snapp_1996_peru=SNAPP 1996-Peru
snapp_bolivia_1994=SNAPP Bolivia 1994
snapp_bolivia_1995=SNAPP Bolivia 1995
snapp_peru_1994=SNAPP Peru 1994
socorro=Socorro
soldot_2000=Soldot 2000
south_pole=South Pole
southeast_alaska=Southeast Alaska
southeast_alaska_1995=Southeast Alaska 1995
southeast_alaska_1996=Southeast Alaska 1996
southern_california_salton_trough_1986=Southern California-Salton Trough 1986
southwest_great_basin_yucca_1996=Southwest Great Basin (Yucca) 1996
southwest_pacific_apex_1989=Southwest Pacific (APEX) 1989
southwest_pacific_apex_1990=Southwest Pacific (APEX) 1990
southwest_pacific_1992=Southwest Pacific 1992
st_elias_1999=St. Elias 1999
steep_2004=STEEP 2004
steep_2005=STEEP 2005
steep_2006=STEEP 2006
steep_2007=STEEP 2007
steep_2008=STEEP 2008
steep_2009=STEEP 2009
suominet=SuomiNet
taal_l1=Taal L1
tajik_kyrgyz_pamir=Tajik-Kyrgyz Pamir
tajik_kyrgyz_pamir_and_south_tien_shan_2007_tajik_kyrgyz_pamir_and_south_tien_shan_2=Tajik-Kyrgyz Pamir and South Tien Shan 2007-Tajik-Kyrgyz Pamir and South Tien Shan 2
tajikistan_kyrgyzstan_2008=Tajikistan-Kyrgyzstan 2008
tajikistan_kyrgyzstan_2009=Tajikistan-Kyrgyzstan 2009
tanzania=Tanzania
tanzania_2006=Tanzania 2006
tanzania_2008=Tanzania 2008
tanzania_continuous_2008_engc=Tanzania Continuous 2008-ENGC
tanzania_continuous_2008_ketc=Tanzania Continuous 2008-KETC
tanzania_continuous_2008_ldwc=Tanzania Continuous 2008-LDWC
taylor_valley=Taylor Valley
telica_volcano=Telica Volcano
three_sisters_2001=Three Sisters 2001
thule_greenland_2006=Thule Greenland 2006
thwaites_2007_2008=Thwaites 2007/2008
thwaites_2008_2009=Thwaites 2008/2009
toba_2001=Toba 2001
tomales_bodega_bay_2007=Tomales/Bodega Bay 2007
topex_calibration_experiment_1996=TOPEX Calibration Experiment 1996
toppenish_ridge_1998=Toppenish Ridge 1998
trinidad_1994=Trinidad 1994
turkey_1991=Turkey 1991
turkey_1992=Turkey 1992
turkey_1994=Turkey 1994
turkey_1996=Turkey 1996
turkey_1998=Turkey 1998
turkey_1999=Turkey 1999
u_of_colorado_nist=U. of Colorado NIST
uganda=Uganda
uganda_2007=Uganda 2007
uganda_2008=Uganda 2008
uganda_2009=Uganda 2009
unavco_antenna_and_dome_testing_1996=UNAVCO Antenna and Dome Testing 1996
unavco_antenna_height_experiment_1995=UNAVCO Antenna Height Experiment 1995
unavco_ari_receiver_&_antenna_tests_1995=UNAVCO ARI Receiver & Antenna Tests 1995
universidad_nacional_autonoma_de_mexico_unam=Universidad Nacional Autonoma de Mexico UNAM
uprm_1994=UPRM 1994
uprm_1995=UPRM 1995
uprm_1996=UPRM 1996
uprm_1997=UPRM 1997
uprm_1998=UPRM 1998
uprm_1999=UPRM 1999
valdez_1997=Valdez 1997
valdez_1998=Valdez 1998
valdez_1999=Valdez 1999
valdez_2000=Valdez 2000
venezuela_1998=Venezuela 1998
veniaminof_2002=Veniaminof 2002
veniaminof_2005=Veniaminof 2005
victoria_valley=Victoria Valley
victorialand=Victorialand
vostok_2000_2001=Vostok 2000/2001
wabash_valley_shawnee_2003=Wabash Valley - Shawnee 2003
wabash_valley_1997=Wabash Valley 1997
wabash_valley_1998=Wabash Valley 1998
wabash_valley_2000=Wabash Valley 2000
wabash_valley_2000_shawnee=Wabash Valley 2000-Shawnee
wabash_valley_2002=Wabash Valley 2002
wabash_valley_2007=Wabash Valley 2007
wabash_valley_2008=Wabash Valley 2008
wasatch_fault_1992=Wasatch Fault 1992
wasatch_fault_1994=Wasatch Fault 1994
wasatch_fault_1999=Wasatch Fault 1999
wasatch_fault_2001=Wasatch Fault 2001
washington_1994=Washington 1994
washington_1995=Washington 1995
washington_1996=Washington 1996
washington_1997=Washington 1997
washington_1998=Washington 1998
washington_1999=Washington 1999
washington_2000=Washington 2000
west_antarctic_2002=West Antarctic 2002
west_antarctic_2002_2003=West Antarctic 2002/2003
west_antarctic_2003=West Antarctic 2003
west_antarctic_2005_2006=West Antarctic 2005/2006
westdahl_1998=Westdahl 1998
westdahl_1999=Westdahl 1999
westdahl_2000=Westdahl 2000
westdahl_2001=Westdahl 2001
western_aleutians_2003=Western Aleutians 2003
western_canada_deformation_array=Western Canada Deformation Array
western_india_2003=Western India 2003
wrangell_2000=Wrangell 2000
yakutat_1998=Yakutat 1998
yakutat_1999=Yakutat 1999
yellowstone_1987_06_june_=Yellowstone 1987 06 (June)
yellowstone_1989=Yellowstone 1989
yellowstone_2003=Yellowstone 2003
yellowstone_2003_norris_basin=Yellowstone 2003-Norris Basin
yellowstone_2008=Yellowstone 2008
yellowstone_2009=Yellowstone 2009
yellowstone_hebgen_lake_1987_08_aug_=Yellowstone/Hebgen Lake 1987 08 (Aug)
yellowstone_hebgen_lake_1991=Yellowstone/Hebgen Lake 1991
yellowstone_snake_river_plain_2000=Yellowstone/Snake River Plain 2000
yellowstone_wasatch_fault_1993=Yellowstone/Wasatch Fault 1993
yellowstone_wasatch_fault_1995=Yellowstone/Wasatch Fault 1995
yucca_mountain_1994=Yucca Mountain 1994
yucca_mountain_1995=Yucca Mountain 1995
yucca_mountain_death_valley_1993=Yucca Mountain/Death Valley 1993
